2025-10-25 13:28:00.451228,111808
2025-10-25 13:31:49.073702,111768
2025-10-25 14:37:49.468849,111561
2025-10-25 15:35:27.676946,111430
2025-10-25 16:46:04.967297,111282
2025-10-25 17:35:57.446594,111321
2025-10-25 18:50:04.421940,111620
2025-10-25 19:29:41.513329,111653
2025-10-25 20:37:15.494352,111472
2025-10-25 21:28:13.940363,111413
2025-10-25 22:32:42.465600,111524
2025-10-25 23:28:20.556971,111580
2025-10-26 03:33:32.529634,111485
2025-10-26 04:40:02.811588,111436
2025-10-26 05:35:41.985775,111506
2025-10-26 06:50:10.116817,111620
2025-10-26 07:27:54.444395,111671
2025-10-26 08:41:02.617316,111778
2025-10-26 09:29:58.865588,112406
2025-10-26 10:36:26.354748,112261
2025-10-26 11:25:04.154138,112626
2025-10-26 13:14:09.992154,113442
2025-10-26 14:38:18.293456,113793
2025-10-26 15:36:07.062007,113542
2025-10-26 16:47:51.928644,113632
2025-10-26 17:36:12.117012,113645
2025-10-26 18:52:20.060869,113686
2025-10-26 19:29:58.622439,113648
2025-10-26 20:36:12.769743,113441
2025-10-26 21:29:32.541922,113322
2025-10-26 22:35:51.452013,114356
2025-10-26 23:30:13.096833,114474
2025-10-27 03:44:15.768161,114946
2025-10-27 04:51:52.329421,115246
2025-10-27 05:41:55.430694,115471
2025-10-27 06:58:44.610437,115966
2025-10-27 07:33:33.838510,115808
2025-10-27 08:51:43.467777,115118
2025-10-27 09:42:28.403521,115319
2025-10-27 10:46:42.161833,115404
2025-10-27 11:30:27.958385,115302
2025-10-27 13:44:43.836430,114662
2025-10-27 14:40:19.150905,114925
2025-10-27 15:35:14.292219,115135
2025-10-27 16:51:48.381636,115401
2025-10-27 17:34:19.406823,115346
2025-10-27 18:52:18.383373,115510
2025-10-27 19:27:04.690169,115088
2025-10-27 20:35:17.011236,114721
2025-10-27 21:30:13.689662,114171
2025-10-27 22:36:23.452563,114320
2025-10-27 23:29:20.831559,114008
2025-10-28 03:33:06.076279,113874
2025-10-28 04:43:09.201791,113916
2025-10-28 05:40:58.520319,113879
2025-10-28 06:57:08.756545,114169
2025-10-28 07:33:52.145005,114257
2025-10-28 08:52:15.464889,114435
2025-10-28 09:39:21.140002,114325
2025-10-28 10:45:45.734572,114505
2025-10-28 11:28:26.719254,114501
2025-10-28 13:41:18.024623,115077
2025-10-28 14:45:50.922906,114817
2025-10-28 15:42:05.423570,114931
2025-10-28 16:54:19.872928,115425
2025-10-28 17:40:20.758474,115548
2025-10-28 18:55:34.325109,114887
2025-10-28 19:27:44.365536,113884
2025-10-28 20:41:27.193302,112680
2025-10-28 21:32:34.472455,112719
2025-10-28 22:39:09.098647,113171
2025-10-28 23:31:36.183917,112899
2025-10-29 03:41:05.842136,112547
2025-10-29 04:48:28.028394,112779
2025-10-29 05:41:12.680997,113229
2025-10-29 06:57:06.086985,113311
2025-10-29 07:34:06.557254,113398
2025-10-29 08:53:09.868081,113079
2025-10-29 09:38:48.423383,112944
2025-10-29 10:45:08.358409,113100
2025-10-29 11:30:19.457709,113086
2025-10-29 13:47:59.124388,112996
2025-10-29 14:46:20.847867,112591
2025-10-29 15:43:21.422485,111911
2025-10-29 16:55:08.392680,111195
2025-10-29 17:40:25.845173,111621
2025-10-29 18:53:34.319074,110743
2025-10-29 19:27:06.177367,111005
2025-10-29 20:40:48.328742,111256
2025-10-29 21:31:42.480272,111569
2025-10-29 22:39:24.761017,111174
2025-10-29 23:31:49.086388,110489
2025-10-30 03:35:57.859451,110784
2025-10-30 04:41:35.851974,109288
2025-10-30 05:39:22.030165,109169
2025-10-30 06:54:08.379025,110875
2025-10-30 07:32:18.051618,111292
2025-10-30 08:50:15.432613,110790
2025-10-30 09:39:17.194481,110206
2025-10-30 10:43:51.921815,110077
2025-10-30 11:29:49.745980,110032
2025-10-30 13:45:01.629597,107505
2025-10-30 14:48:55.196838,108045
2025-10-30 15:47:10.880490,107671
2025-10-30 16:51:56.663182,108077
2025-10-30 17:44:15.602461,106937
2025-10-30 18:58:41.135924,106921
2025-10-30 19:32:11.235903,106995
2025-10-30 20:44:02.936067,107236
2025-10-30 21:31:53.751320,107626
2025-10-30 22:36:02.251765,107484
2025-10-30 23:30:36.697876,107659
2025-10-31 03:36:20.837943,108946
2025-10-31 04:57:48.394746,110067
2025-10-31 05:40:09.825979,109936
2025-10-31 06:54:14.596116,109543
2025-10-31 07:31:46.730093,109654
2025-10-31 08:49:08.464554,109771
2025-10-31 09:38:40.310520,109939
2025-10-31 10:42:34.715184,109912
2025-10-31 11:28:38.956862,109553
2025-10-31 13:44:06.472057,109683
2025-10-31 14:48:34.567186,109970
2025-10-31 15:43:29.754902,110241
2025-10-31 16:55:30.441558,109080
2025-10-31 17:42:18.835434,109101
2025-10-31 18:57:05.959335,109319
2025-10-31 19:29:58.371626,109797
2025-10-31 20:36:55.530173,109512
2025-10-31 21:30:19.004896,109529
2025-10-31 22:37:40.203739,109635
2025-10-31 23:29:52.275693,109557
2025-11-01 03:34:38.139052,109982
2025-11-01 04:39:24.423538,110218
2025-11-01 05:35:00.325103,110091
2025-11-01 06:48:24.072907,109904
2025-11-01 07:28:27.915502,110119
2025-11-01 08:42:02.378330,110128
2025-11-01 09:31:52.469871,110119
2025-11-01 10:37:36.915473,109962
2025-11-01 11:30:01.572828,110025
2025-11-01 13:11:17.943297,109913
2025-11-01 14:38:10.450337,109832
2025-11-01 15:34:08.870934,110107
2025-11-01 16:44:49.663854,110382
2025-11-01 18:43:48.320273,110198
2025-11-01 19:22:40.269357,110244
2025-11-01 20:32:13.438527,110399
2025-11-01 21:27:12.917148,110318
2025-11-01 22:33:39.540002,109971
2025-11-01 23:29:20.483848,110049
2025-11-02 03:39:20.392993,109961
2025-11-02 04:42:07.617848,110125
2025-11-02 05:37:17.950633,110389
2025-11-02 06:52:50.841134,110667
2025-11-02 07:29:30.789804,110460
2025-11-02 08:39:14.804926,110720
2025-11-02 09:30:24.268665,110959
2025-11-02 10:36:15.488011,110368
2025-11-02 11:24:49.928195,110765
2025-11-02 13:06:09.514080,110657
2025-11-02 14:33:38.892521,110330
2025-11-02 15:30:33.580829,110491
2025-11-02 16:41:22.391527,110022
2025-11-02 17:31:06.965797,110188
2025-11-02 18:43:01.792493,110207
2025-11-02 19:22:52.204683,110164
2025-11-02 20:33:19.773447,109905
2025-11-02 21:27:50.452391,110008
2025-11-02 22:34:23.157342,109820
2025-11-02 23:29:38.733231,110178
2025-11-03 03:44:41.984266,108306
2025-11-03 04:50:50.757961,107789
2025-11-03 05:45:53.946899,107562
2025-11-03 07:00:54.743693,107535
2025-11-03 07:38:31.948885,107533
2025-11-03 08:58:52.868628,107441
2025-11-03 09:49:02.456242,107281
2025-11-03 10:49:54.108533,107224
2025-11-03 11:28:40.285101,107481
2025-11-03 13:45:31.291049,107828
2025-11-03 14:43:41.381777,107651
2025-11-03 15:40:35.586532,106298
2025-11-03 16:50:02.736617,106502
2025-11-03 17:36:49.306366,107398
2025-11-03 18:47:49.573437,106851
2025-11-03 19:27:08.361408,106902
2025-11-03 20:40:02.816768,106794
2025-11-03 21:31:32.563735,106591
2025-11-03 22:39:00.994775,106281
2025-11-03 23:31:43.079185,106428
2025-11-04 03:33:37.588581,106847
2025-11-04 04:42:35.527582,106841
2025-11-04 05:40:41.477571,105425
2025-11-04 06:56:10.441721,104690
2025-11-04 07:34:13.346363,104468
2025-11-04 08:54:31.601899,104044
2025-11-04 09:42:07.307873,103955
2025-11-04 10:49:35.850559,103729
2025-11-04 11:32:23.769338,104303
2025-11-04 13:47:52.226279,104058
2025-11-04 14:45:48.654623,103762
2025-11-04 15:41:19.255469,104231
2025-11-04 16:51:36.465819,102463
2025-11-04 17:34:27.902960,101541
2025-11-04 18:52:32.825390,100706
2025-11-04 19:28:11.059587,101470
2025-11-04 20:41:10.953110,100305
2025-11-04 21:32:09.800423,99852
2025-11-04 22:40:15.831632,101568
2025-11-04 23:31:49.071083,101158
2025-11-05 03:35:29.060042,102010
2025-11-05 04:43:41.448659,101939
2025-11-05 05:40:46.931172,101912
2025-11-05 06:54:38.147125,102041
2025-11-05 07:33:26.936062,101782
2025-11-05 08:59:15.388070,101730
2025-11-05 09:47:07.456610,101918
2025-11-05 10:51:48.064207,101536
2025-11-05 11:35:37.659180,101664
2025-11-05 13:45:47.471708,102872
2025-11-05 14:45:07.721264,103067
2025-11-05 15:39:12.558425,103399
2025-11-05 16:55:21.620633,103895
2025-11-05 17:38:29.857025,103808
2025-11-05 18:53:56.839585,104350
2025-11-05 19:28:34.576520,104282
2025-11-05 20:41:35.594086,103825
2025-11-05 21:31:50.762916,103605
2025-11-05 22:39:30.236771,103425
2025-11-05 23:32:32.797309,103933
2025-11-06 03:41:02.863744,103711
2025-11-06 04:48:54.413992,104101
2025-11-06 05:40:28.213344,103295
2025-11-06 06:56:33.007826,103321
2025-11-06 07:33:06.667137,103384
2025-11-06 08:53:00.751093,103117
2025-11-06 09:41:14.801304,103045
2025-11-06 10:47:04.562595,103123
2025-11-06 11:30:49.072154,103102
2025-11-06 13:44:01.245882,103126
2025-11-06 14:44:30.056076,102562
2025-11-06 15:43:45.831287,101882
2025-11-06 16:55:33.635052,100992
2025-11-06 17:40:02.922597,101377
2025-11-06 18:55:16.955429,102071
2025-11-06 19:27:49.627851,101702
2025-11-06 20:40:14.625934,100994
2025-11-06 21:31:23.351593,100832
2025-11-06 22:39:13.203986,101131
2025-11-06 23:31:16.510903,101297
2025-11-07 03:34:44.121401,102195
2025-11-07 04:42:34.648684,101718
2025-11-07 05:40:48.678380,102280
2025-11-07 06:54:44.531412,101944
2025-11-07 07:33:07.351093,101795
2025-11-07 08:52:03.823224,101450
2025-11-07 09:37:04.896306,100930
2025-11-07 10:43:13.140316,100747
2025-11-07 11:29:21.541594,99856
2025-11-07 13:37:03.772553,100110
2025-11-07 14:40:58.823130,99635
2025-11-07 15:38:25.296017,100726
2025-11-07 16:46:00.668914,101249
2025-11-07 17:34:28.046984,102414
2025-11-07 18:47:41.975108,102542
2025-11-07 19:29:41.760893,102801
2025-11-07 20:34:14.966243,103273
2025-11-07 21:27:32.939277,103403
2025-11-07 22:36:47.545485,103746
2025-11-07 23:30:27.149016,103455
2025-11-08 03:16:05.844386,103044
2025-11-08 04:40:28.075918,102582
2025-11-08 05:35:47.013476,102510
2025-11-08 06:49:13.377416,102377
2025-11-08 07:29:05.849128,101979
2025-11-08 08:42:18.480249,102547
2025-11-08 09:31:44.498032,102417
2025-11-08 10:37:17.821470,102482
2025-11-08 11:25:21.429039,102539
2025-11-08 13:08:28.133149,101789
2025-11-08 14:32:55.270734,101677
2025-11-08 15:31:24.375728,101516
2025-11-08 16:42:00.963358,101873
2025-11-08 17:32:09.781066,101775
2025-11-08 18:46:45.262437,102008
2025-11-08 19:24:58.022236,101632
2025-11-08 20:32:13.816117,102055
2025-11-08 21:27:41.416730,102049
2025-11-08 22:35:11.348720,102294
2025-11-08 23:29:12.544030,102403
2025-11-09 03:36:22.273374,101516
2025-11-09 04:41:16.039680,101961
2025-11-09 05:35:49.052456,101873
2025-11-09 06:50:24.170712,101799
2025-11-09 07:30:37.107556,101775
2025-11-09 08:40:51.921918,101901
2025-11-09 09:31:17.084678,101952
2025-11-09 10:36:14.213548,101626
2025-11-09 11:24:52.732842,102164
2025-11-09 13:14:01.964724,102313
2025-11-09 14:32:21.803599,103743
2025-11-09 15:31:19.368713,103503
2025-11-09 16:42:00.994969,103421
2025-11-09 17:30:36.887490,103506
2025-11-09 18:43:41.673958,103736
2025-11-09 19:23:34.536192,104289
2025-11-09 20:33:33.928133,104476
2025-11-09 21:29:03.861186,104590
2025-11-09 22:34:41.344350,104393
2025-11-09 23:29:23.629772,104686
2025-11-10 03:43:14.960987,106077
2025-11-10 04:48:49.180684,105875
2025-11-10 05:40:19.779441,106071
2025-11-10 06:56:59.444217,106197
2025-11-10 07:33:50.178174,106316
2025-11-10 08:53:31.896,105935
2025-11-10 09:43:41.849385,106438
2025-11-10 10:47:20.165984,106046
2025-11-10 11:30:44.765946,106180
2025-11-10 13:43:03.037125,106452
2025-11-10 14:43:16.270752,105699
2025-11-10 15:41:11.618332,105324
2025-11-10 16:53:16.230792,105067
2025-11-10 17:34:54.849264,105436
2025-11-10 18:50:59.203465,105886
2025-11-10 19:27:30.942805,105615
2025-11-10 20:42:33.245312,106188
2025-11-10 21:42:18.054473,105534
2025-11-10 22:40:04.414826,105648
2025-11-10 23:32:20.101833,106155
2025-11-11 03:38:34.089343,106621
2025-11-11 04:45:21.260769,105830
2025-11-11 05:41:12.476528,105338
2025-11-11 06:55:26.140439,105089
2025-11-11 07:34:25.197322,105141
2025-11-11 08:52:03.301481,105058
2025-11-11 09:40:03.868273,105286
2025-11-11 10:46:59.139999,105192
2025-11-11 11:31:04.285283,105287
2025-11-11 13:40:48.461315,104347
2025-11-11 14:43:17.790584,104191
2025-11-11 15:41:06.820040,103449
2025-11-11 16:52:32.340213,103474
2025-11-11 17:39:09.149447,103208
2025-11-11 18:53:15.482815,103455
2025-11-11 19:28:09.331366,103277
2025-11-11 20:39:41.920525,102796
2025-11-11 21:32:14.350976,102772
2025-11-11 22:38:46.604335,102972
2025-11-11 23:31:43.099158,103100
2025-11-12 03:36:35.196118,103290
2025-11-12 04:46:08.759846,103039
2025-11-12 05:41:04.801431,103258
2025-11-12 06:55:27.241942,103425
2025-11-12 07:33:26.123135,103389
2025-11-12 08:54:47.145971,104139
2025-11-12 09:45:30.083158,104602
2025-11-12 10:53:45.640634,104827
2025-11-12 11:35:59.699827,104880
2025-11-12 13:50:23.152178,105099
2025-11-12 15:48:48.570926,102654
2025-11-12 17:00:11.335826,101566
2025-11-12 17:39:41.019534,101791
2025-11-12 18:50:22.849406,101478
2025-11-12 19:28:50.240974,101165
2025-11-12 20:41:18.225553,101645
2025-11-12 21:34:02.757211,101696
2025-11-12 22:35:39.673140,101626
2025-11-12 23:32:23.723668,101878
2025-11-13 03:40:09.220014,102216
2025-11-13 04:46:58.679564,101987
2025-11-13 05:41:21.804686,102456
2025-11-13 06:55:29.549131,103430
2025-11-13 07:34:42.906996,103910
2025-11-13 08:52:47.889200,103650
2025-11-13 09:41:21.929596,103063
2025-11-13 10:48:04.672908,102938
2025-11-13 11:31:19.415371,102882
2025-11-13 13:46:07.045022,102497
2025-11-13 14:37:46.704785,102367
2025-11-13 15:38:09.449571,101889
2025-11-13 16:52:36.121395,100979
2025-11-13 17:40:08.223906,100067
2025-11-13 18:53:14.022088,98285
2025-11-13 19:26:51.531549,98815
2025-11-13 20:40:51.533471,98784
2025-11-13 21:30:18.775806,98259
2025-11-13 22:39:31.785804,99451
2025-11-13 23:32:13.096986,100190
2025-11-14 03:38:26.787216,99217
2025-11-14 04:44:06.744735,97149
2025-11-14 05:39:56.056263,97437
2025-11-14 06:55:09.600694,96383
2025-11-14 07:38:01.296121,97110
2025-11-14 08:55:43.645481,97201
2025-11-14 09:44:44.774002,97051
2025-11-14 10:49:45.197362,97129
2025-11-14 11:35:39.160418,96235
2025-11-14 13:43:38.815030,94725
2025-11-14 14:39:50.038047,96128
2025-11-14 15:33:45.902196,96604
2025-11-14 16:51:22.086379,97025
2025-11-14 17:37:20.324617,96556
2025-11-14 18:53:11.437779,95325
2025-11-14 19:27:56.745075,95758
2025-11-14 20:40:00.824211,94858
2025-11-14 21:32:53.694811,94629
2025-11-14 22:39:13.310618,95235
2025-11-14 23:32:16.456851,94261
2025-11-15 03:29:16.757994,96652
2025-11-15 04:41:52.353409,96001
2025-11-15 05:37:42.158628,95994
2025-11-15 06:50:05.053654,96047
2025-11-15 07:28:58.298606,96275
2025-11-15 08:42:43.411489,96114
2025-11-15 09:32:09.165246,95883
2025-11-15 10:37:36.811151,95846
2025-11-15 11:26:00.574793,95717
2025-11-15 13:14:45.425155,95845
2025-11-15 14:33:52.677984,96049
2025-11-15 15:31:14.945436,96331
2025-11-15 16:41:50.189129,95876
2025-11-15 17:29:56.972001,96007
2025-11-15 18:46:27.696911,96049
2025-11-15 19:23:14.782449,96038
2025-11-15 20:34:17.524817,95616
2025-11-15 21:28:29.733332,95399
2025-11-15 22:33:03.689664,95553
2025-11-15 23:30:11.302355,95607
2025-11-16 03:42:43.095253,95718
2025-11-16 04:46:13.431366,95610
2025-11-16 05:37:52.958565,95865
2025-11-16 06:56:02.349218,95885
2025-11-16 07:35:18.673735,95811
2025-11-16 08:49:37.294369,95974
2025-11-16 09:38:45.079724,96041
2025-11-16 10:44:29.330991,96370
2025-11-16 11:31:29.464132,95554
2025-11-16 13:19:48.392360,95726
2025-11-16 14:36:12.941002,95402
2025-11-16 15:32:13.543988,95345
2025-11-16 16:42:21.214219,94033
2025-11-16 17:31:47.255156,94306
2025-11-16 18:47:37.399688,94077
2025-11-16 19:25:17.283266,94267
2025-11-16 20:36:36.031393,94405
2025-11-16 21:29:40.619047,93570
2025-11-16 22:36:27.923694,93725
2025-11-16 23:30:12.543829,94207
2025-11-17 03:39:27.251938,95250
2025-11-17 04:48:08.833264,95248
2025-11-17 05:42:08.779286,94993
2025-11-17 06:55:10.279572,95112
2025-11-17 07:34:04.326684,95367
2025-11-17 08:56:05.843039,95501
2025-11-17 09:45:33.914155,95612
2025-11-17 10:48:30.224187,95717
2025-11-17 11:31:22.046277,95634
2025-11-17 13:43:43.333813,93965
2025-11-17 14:44:38.068240,95131
2025-11-17 15:42:54.253228,93995
2025-11-17 16:54:33.821567,94176
2025-11-17 17:40:33.879795,93336
2025-11-17 18:53:08.566708,92772
2025-11-17 19:28:12.266522,92052
2025-11-17 20:38:10.279156,91639
2025-11-17 21:33:18.153714,91542
2025-11-17 22:40:13.237850,92103
2025-11-17 23:32:39.809245,91757
2025-11-18 03:36:15.215998,89809
2025-11-18 04:44:20.086753,89918
2025-11-18 05:40:53.246042,90118
2025-11-18 06:54:38.399725,89334
2025-11-18 07:34:03.977972,89968
2025-11-18 08:54:17.721838,91193
2025-11-18 09:41:21.768204,90932
2025-11-18 10:48:22.951990,91430
2025-11-18 11:32:30.722811,91345
2025-11-18 14:43:57.102939,91885
2025-11-18 15:44:24.463940,92794
2025-11-18 16:55:57.668937,93339
2025-11-18 17:39:56.709181,93109
2025-11-18 18:54:56.993706,93558
2025-11-18 19:27:21.164056,93407
2025-11-18 22:40:33.211955,93320
2025-11-18 23:30:40.615507,92786
2025-11-19 03:36:46.424486,92092
2025-11-19 04:44:43.339098,91346
2025-11-19 05:40:47.141713,90472
2025-11-19 06:54:44.192233,90991
2025-11-19 07:33:39.223363,91178
2025-11-19 08:52:18.854029,91390
2025-11-19 09:41:16.425402,91340
2025-11-19 10:46:20.490938,91415
2025-11-19 11:31:30.420979,91499
2025-11-19 13:44:46.077877,91384
2025-11-19 14:44:07.804615,91480
2025-11-19 15:36:36.220538,90795
2025-11-19 16:53:56.301258,89526
2025-11-19 17:32:38.116025,89395
2025-11-19 18:51:27.069184,88851
2025-11-19 19:28:23.735240,88881
2025-11-19 20:33:33.941470,89160
2025-11-19 21:27:52.038456,90344
2025-11-19 22:38:23.259657,90360
2025-11-19 23:32:19.959187,91266
2025-11-20 03:35:02.170965,92435
2025-11-20 04:42:42.695207,92181
2025-11-20 05:41:01.839230,92512
2025-11-20 06:54:41.284027,91660
2025-11-20 07:33:40.938579,91909
2025-11-20 08:52:41.573082,92150
2025-11-20 09:39:24.515225,91802
2025-11-20 10:45:16.047587,91696
2025-11-20 11:30:16.265731,91448
2025-11-20 13:38:25.146278,91804
2025-11-20 14:41:40.001975,91135
2025-11-20 15:42:06.905150,90441
2025-11-20 16:54:22.985417,88181
2025-11-20 17:33:52.123039,87122
2025-11-20 18:54:50.505477,86436
2025-11-20 19:29:17.573736,86745
2025-11-20 20:40:29.221452,86516
2025-11-20 21:31:04.815988,87076
2025-11-20 22:33:56.219780,88057
2025-11-20 23:31:47.856513,87164
2025-11-21 03:32:57.157014,85642
2025-11-21 04:44:09.517468,85474
2025-11-21 05:42:07.116160,85787
2025-11-21 06:58:03.962154,85520
2025-11-21 07:34:38.471330,84683
2025-11-21 08:53:46.880403,83578
2025-11-21 09:39:28.652534,82779
2025-11-21 10:43:08.201566,82675
2025-11-21 11:29:25.520985,82938
2025-11-21 13:37:19.971806,83540
2025-11-21 14:41:46.644395,84725
2025-11-21 15:31:23.434433,83580
2025-11-21 16:46:28.438461,83284
2025-11-21 17:36:34.030676,85338
2025-11-21 18:49:31.431394,84443
2025-11-21 19:28:01.128847,84907
2025-11-21 20:39:59.330199,83792
2025-11-21 21:31:34.718004,84913
2025-11-21 22:39:06.966860,84510
2025-11-21 23:31:32.057220,84926
2025-11-22 03:18:18.292221,84485
2025-11-22 04:41:00.855846,83845
2025-11-22 05:36:47.508401,83904
2025-11-22 06:50:23.124074,84594
2025-11-22 07:29:40.969875,84405
2025-11-22 08:44:19.130994,83934
2025-11-22 09:33:02.191930,83962
2025-11-22 10:37:21.075462,83677
2025-11-22 11:25:04.590065,83877
2025-11-22 13:06:10.205215,83646
2025-11-22 14:33:58.042068,84488
2025-11-22 15:31:58.318224,84378
2025-11-22 16:43:48.345736,84565
2025-11-22 17:31:46.587536,84613
2025-11-22 18:49:34.630615,84528
2025-11-22 19:25:45.289797,84626
2025-11-22 20:37:01.200721,84610
2025-11-22 21:30:26.205731,84294
2025-11-22 22:37:31.642708,84600
2025-11-22 23:32:09.786052,84817
2025-11-23 03:50:22.330288,86006
2025-11-23 04:54:12.649062,86572
2025-11-23 05:38:36.393855,86176
2025-11-23 06:52:52.894474,85966
2025-11-23 07:31:50.711775,85485
2025-11-23 08:44:34.915596,85843
2025-11-23 09:33:22.866231,86165
2025-11-23 10:39:51.517248,86092
2025-11-23 11:27:27.046838,85957
2025-11-23 13:07:02.954534,86622
2025-11-23 14:34:16.384003,86752
2025-11-23 15:31:32.379203,86658
2025-11-23 16:43:33.457160,87344
2025-11-23 17:32:51.417598,86798
2025-11-23 18:51:19.720710,87019
2025-11-23 19:26:55.757819,87457
2025-11-23 20:38:44.562979,87483
2025-11-23 21:31:32.588910,87521
2025-11-23 22:38:47.165797,87732
2025-11-23 23:31:58.565796,87003
2025-11-24 03:50:47.232532,87438
2025-11-24 04:57:32.754451,86752
2025-11-24 05:43:36.593938,87476
2025-11-24 06:56:10.242291,86860
2025-11-24 07:33:38.585449,86910
2025-11-24 08:56:16.649146,86752
2025-11-24 09:46:53.614269,85988
2025-11-24 10:49:32.204668,85932
2025-11-24 11:31:40.487357,85968
2025-11-24 13:45:50.793315,86483
2025-11-24 14:46:19.633883,85733
2025-11-24 15:28:44.040125,85948
2025-11-24 16:28:38.834159,87219
2025-11-24 17:23:44.357086,87061
2025-11-24 18:36:27.047164,88372
2025-11-24 19:17:58.599075,88621
2025-11-24 20:28:24.085473,88674
2025-11-24 21:24:02.654869,88919
2025-11-24 22:23:57.011273,88933
2025-11-24 23:23:15.135957,88575
2025-11-25 01:56:20.842867,87782
2025-11-25 03:19:58.652915,87773
2025-11-25 04:30:59.717339,88028
2025-11-25 05:26:11.224275,88084
2025-11-25 06:38:27.643635,87925
2025-11-25 07:24:46.630714,87858
2025-11-25 08:34:33.879043,87363
2025-11-25 09:29:10.407624,86726
2025-11-25 10:30:06.750791,87177
2025-11-25 11:22:29.683075,87427
2025-11-25 12:52:50.931356,87488
2025-11-25 13:37:12.180254,87534
2025-11-25 14:25:54.101494,86936
2025-11-25 15:28:01.807344,86505
2025-11-25 16:34:30.386341,87179
2025-11-25 17:24:26.815884,87448
2025-11-25 18:37:44.591676,87615
2025-11-25 19:21:40.137551,86567
2025-11-25 20:28:34.413988,86903
2025-11-25 21:22:45.769478,87245
2025-11-25 22:24:31.516592,87010
2025-11-25 23:22:51.843990,87688
2025-11-26 01:56:48.896978,87958
2025-11-26 03:20:10.460855,87681
2025-11-26 04:31:39.154564,87171
2025-11-26 05:25:01.042928,87565
2025-11-26 06:37:53.729181,87436
2025-11-26 07:23:56.106287,87740
2025-11-26 08:34:10.842834,87563
2025-11-26 09:28:35.582086,87149
2025-11-26 10:28:34.166393,86815
2025-11-26 11:22:00.233922,86893
2025-11-26 12:54:03.637689,86652
2025-11-26 13:37:56.434328,86618
2025-11-26 14:26:27.001682,87266
2025-11-26 15:25:22.672329,86990
2025-11-26 16:32:30.767420,87571
2025-11-26 17:22:51.923311,87775
2025-11-26 18:32:26.721565,90269
2025-11-26 19:19:44.493058,89828
